"factId","metricId","metricName","scopeType","scopeName","month","value","unit","numerator","denominator","formula","quality","alert","inputs","sources"
"F0001","total_cost","总成本","总览","OTC事业部","1月","3050.08","万元","null","null","人工成本 + 市场费 + 运作费 + 品牌费","品牌费未分月","null","[{""name"":""人工成本"",""value"":430.19,""unit"":""万元""},{""name"":""市场费"",""value"":1276.91,""unit"":""万元""},{""name"":""运作费"",""value"":1342.99,""unit"":""万元""},{""name"":""品牌费（月度未分摊）"",""value"":0,""unit"":""万元""}]","[{""table"":""各部门费率计算"",""originalTable"":""各部门人工成本合计-总成本 副本"",""fields"":[""月度人工成本"",""月度市场费"",""月度运作费"",""月度实际销额"",""月度总成本""],""rowRefs"":[""department_rate.tsv#row1"",""department_rate.tsv#row2"",""department_rate.tsv#row3"",""department_rate.tsv#row4"",""department_rate.tsv#row5"",""department_rate.tsv#row6"",""department_rate.tsv#row7"",""department_rate.tsv#row8"",""department_rate.tsv#row9"",""department_rate.tsv#row10"",""department_rate.tsv#row11"",""department_rate.tsv#row12"",""department_rate.tsv#row13"",""department_rate.tsv#row14""]}]"
"F0002","actual_sales","实际销额","总览","OTC事业部","1月","6570.18","万元","null","null","新增费率计算表中对应部门、月份“实际销额”之和","已核对","null","[]","[{""table"":""各部门费率计算"",""originalTable"":""各部门人工成本合计-总成本 副本"",""fields"":[""月度人工成本"",""月度市场费"",""月度运作费"",""月度实际销额"",""月度总成本""],""rowRefs"":[""department_rate.tsv#row1"",""department_rate.tsv#row2"",""department_rate.tsv#row3"",""department_rate.tsv#row4"",""department_rate.tsv#row5"",""department_rate.tsv#row6"",""department_rate.tsv#row7"",""department_rate.tsv#row8"",""department_rate.tsv#row9"",""department_rate.tsv#row10"",""department_rate.tsv#row11"",""department_rate.tsv#row12"",""department_rate.tsv#row13"",""department_rate.tsv#row14""]}]"
"F0003","fee_rate","费率/总成本率","总览","OTC事业部","1月","46.42","%","3050.08","6570.18","总成本 ÷ 实际销额 × 100%","品牌费未分月","{""level"":""critical"",""label"":""严重预警"",""message"":""费率≥30%，超过暂定红线""}","[{""name"":""月度总成本（未分摊品牌费）"",""value"":3050.08,""unit"":""万元""},{""name"":""月度实际销额"",""value"":6570.18,""unit"":""万元""}]","[{""table"":""各部门费率计算"",""originalTable"":""各部门人工成本合计-总成本 副本"",""fields"":[""月度人工成本"",""月度市场费"",""月度运作费"",""月度实际销额"",""月度总成本""],""rowRefs"":[""department_rate.tsv#row1"",""department_rate.tsv#row2"",""department_rate.tsv#row3"",""department_rate.tsv#row4"",""department_rate.tsv#row5"",""department_rate.tsv#row6"",""department_rate.tsv#row7"",""department_rate.tsv#row8"",""department_rate.tsv#row9"",""department_rate.tsv#row10"",""department_rate.tsv#row11"",""department_rate.tsv#row12"",""department_rate.tsv#row13"",""department_rate.tsv#row14""]}]"
"F0004","paid_headcount","发薪人数","总览","OTC事业部","1月","472","人","null","null","人工成本表当月记录“人数”字段之和","已核对","null","[]","[{""table"":""2026年人工成本"",""fields"":[""月份"",""人数""],""filter"":""月份=1月"",""matchedRows"":472}]"
"F0005","hire_rate","入职率","总览","OTC事业部","1月","2.54","%","12","472","当月入职人数 ÷ 当月发薪人数 × 100%","已核对","null","[{""name"":""当月入职人数"",""value"":12,""unit"":""人""},{""name"":""当月发薪人数"",""value"":472,""unit"":""人""}]","[{""table"":""2026年人工成本"",""fields"":[""月份"",""人数""],""filter"":""月份=1月"",""matchedRows"":472}]"
"F0006","turnover_rate","离职率","总览","OTC事业部","1月","7.2","%","34","472","当月离职人数 ÷ 当月发薪人数 × 100%","已核对","null","[{""name"":""当月离职人数"",""value"":34,""unit"":""人""},{""name"":""当月发薪人数"",""value"":472,""unit"":""人""}]","[{""table"":""2026年人工成本"",""fields"":[""月份"",""人数""],""filter"":""月份=1月"",""matchedRows"":472}]"
"F0007","total_cost","总成本","总览","OTC事业部","2月","703.05","万元","null","null","人工成本 + 市场费 + 运作费 + 品牌费","品牌费未分月","null","[{""name"":""人工成本"",""value"":386.75,""unit"":""万元""},{""name"":""市场费"",""value"":286.34,""unit"":""万元""},{""name"":""运作费"",""value"":29.97,""unit"":""万元""},{""name"":""品牌费（月度未分摊）"",""value"":0,""unit"":""万元""}]","[{""table"":""各部门费率计算"",""originalTable"":""各部门人工成本合计-总成本 副本"",""fields"":[""月度人工成本"",""月度市场费"",""月度运作费"",""月度实际销额"",""月度总成本""],""rowRefs"":[""department_rate.tsv#row1"",""department_rate.tsv#row2"",""department_rate.tsv#row3"",""department_rate.tsv#row4"",""department_rate.tsv#row5"",""department_rate.tsv#row6"",""department_rate.tsv#row7"",""department_rate.tsv#row8"",""department_rate.tsv#row9"",""department_rate.tsv#row10"",""department_rate.tsv#row11"",""department_rate.tsv#row12"",""department_rate.tsv#row13"",""department_rate.tsv#row14""]}]"
"F0008","actual_sales","实际销额","总览","OTC事业部","2月","4247.73","万元","null","null","新增费率计算表中对应部门、月份“实际销额”之和","已核对","null","[]","[{""table"":""各部门费率计算"",""originalTable"":""各部门人工成本合计-总成本 副本"",""fields"":[""月度人工成本"",""月度市场费"",""月度运作费"",""月度实际销额"",""月度总成本""],""rowRefs"":[""department_rate.tsv#row1"",""department_rate.tsv#row2"",""department_rate.tsv#row3"",""department_rate.tsv#row4"",""department_rate.tsv#row5"",""department_rate.tsv#row6"",""department_rate.tsv#row7"",""department_rate.tsv#row8"",""department_rate.tsv#row9"",""department_rate.tsv#row10"",""department_rate.tsv#row11"",""department_rate.tsv#row12"",""department_rate.tsv#row13"",""department_rate.tsv#row14""]}]"
"F0009","fee_rate","费率/总成本率","总览","OTC事业部","2月","16.55","%","703.05","4247.73","总成本 ÷ 实际销额 × 100%","品牌费未分月","{""level"":""normal"",""label"":""正常"",""message"":""费率低于20%暂定阈值""}","[{""name"":""月度总成本（未分摊品牌费）"",""value"":703.05,""unit"":""万元""},{""name"":""月度实际销额"",""value"":4247.73,""unit"":""万元""}]","[{""table"":""各部门费率计算"",""originalTable"":""各部门人工成本合计-总成本 副本"",""fields"":[""月度人工成本"",""月度市场费"",""月度运作费"",""月度实际销额"",""月度总成本""],""rowRefs"":[""department_rate.tsv#row1"",""department_rate.tsv#row2"",""department_rate.tsv#row3"",""department_rate.tsv#row4"",""department_rate.tsv#row5"",""department_rate.tsv#row6"",""department_rate.tsv#row7"",""department_rate.tsv#row8"",""department_rate.tsv#row9"",""department_rate.tsv#row10"",""department_rate.tsv#row11"",""department_rate.tsv#row12"",""department_rate.tsv#row13"",""department_rate.tsv#row14""]}]"
"F0010","paid_headcount","发薪人数","总览","OTC事业部","2月","441","人","null","null","人工成本表当月记录“人数”字段之和","已核对","null","[]","[{""table"":""2026年人工成本"",""fields"":[""月份"",""人数""],""filter"":""月份=2月"",""matchedRows"":441}]"
"F0011","hire_rate","入职率","总览","OTC事业部","2月","0.91","%","4","441","当月入职人数 ÷ 当月发薪人数 × 100%","已核对","null","[{""name"":""当月入职人数"",""value"":4,""unit"":""人""},{""name"":""当月发薪人数"",""value"":441,""unit"":""人""}]","[{""table"":""2026年人工成本"",""fields"":[""月份"",""人数""],""filter"":""月份=2月"",""matchedRows"":441}]"
"F0012","turnover_rate","离职率","总览","OTC事业部","2月","3.63","%","16","441","当月离职人数 ÷ 当月发薪人数 × 100%","已核对","null","[{""name"":""当月离职人数"",""value"":16,""unit"":""人""},{""name"":""当月发薪人数"",""value"":441,""unit"":""人""}]","[{""table"":""2026年人工成本"",""fields"":[""月份"",""人数""],""filter"":""月份=2月"",""matchedRows"":441}]"
"F0013","total_cost","总成本","总览","OTC事业部","3月","843.03","万元","null","null","人工成本 + 市场费 + 运作费 + 品牌费","品牌费未分月","null","[{""name"":""人工成本"",""value"":430.67,""unit"":""万元""},{""name"":""市场费"",""value"":355.99,""unit"":""万元""},{""name"":""运作费"",""value"":56.37,""unit"":""万元""},{""name"":""品牌费（月度未分摊）"",""value"":0,""unit"":""万元""}]","[{""table"":""各部门费率计算"",""originalTable"":""各部门人工成本合计-总成本 副本"",""fields"":[""月度人工成本"",""月度市场费"",""月度运作费"",""月度实际销额"",""月度总成本""],""rowRefs"":[""department_rate.tsv#row1"",""department_rate.tsv#row2"",""department_rate.tsv#row3"",""department_rate.tsv#row4"",""department_rate.tsv#row5"",""department_rate.tsv#row6"",""department_rate.tsv#row7"",""department_rate.tsv#row8"",""department_rate.tsv#row9"",""department_rate.tsv#row10"",""department_rate.tsv#row11"",""department_rate.tsv#row12"",""department_rate.tsv#row13"",""department_rate.tsv#row14""]}]"
"F0014","actual_sales","实际销额","总览","OTC事业部","3月","7566.95","万元","null","null","新增费率计算表中对应部门、月份“实际销额”之和","已核对","null","[]","[{""table"":""各部门费率计算"",""originalTable"":""各部门人工成本合计-总成本 副本"",""fields"":[""月度人工成本"",""月度市场费"",""月度运作费"",""月度实际销额"",""月度总成本""],""rowRefs"":[""department_rate.tsv#row1"",""department_rate.tsv#row2"",""department_rate.tsv#row3"",""department_rate.tsv#row4"",""department_rate.tsv#row5"",""department_rate.tsv#row6"",""department_rate.tsv#row7"",""department_rate.tsv#row8"",""department_rate.tsv#row9"",""department_rate.tsv#row10"",""department_rate.tsv#row11"",""department_rate.tsv#row12"",""department_rate.tsv#row13"",""department_rate.tsv#row14""]}]"
"F0015","fee_rate","费率/总成本率","总览","OTC事业部","3月","11.14","%","843.03","7566.95","总成本 ÷ 实际销额 × 100%","品牌费未分月","{""level"":""normal"",""label"":""正常"",""message"":""费率低于20%暂定阈值""}","[{""name"":""月度总成本（未分摊品牌费）"",""value"":843.03,""unit"":""万元""},{""name"":""月度实际销额"",""value"":7566.95,""unit"":""万元""}]","[{""table"":""各部门费率计算"",""originalTable"":""各部门人工成本合计-总成本 副本"",""fields"":[""月度人工成本"",""月度市场费"",""月度运作费"",""月度实际销额"",""月度总成本""],""rowRefs"":[""department_rate.tsv#row1"",""department_rate.tsv#row2"",""department_rate.tsv#row3"",""department_rate.tsv#row4"",""department_rate.tsv#row5"",""department_rate.tsv#row6"",""department_rate.tsv#row7"",""department_rate.tsv#row8"",""department_rate.tsv#row9"",""department_rate.tsv#row10"",""department_rate.tsv#row11"",""department_rate.tsv#row12"",""department_rate.tsv#row13"",""department_rate.tsv#row14""]}]"
"F0016","paid_headcount","发薪人数","总览","OTC事业部","3月","449","人","null","null","人工成本表当月记录“人数”字段之和","已核对","null","[]","[{""table"":""2026年人工成本"",""fields"":[""月份"",""人数""],""filter"":""月份=3月"",""matchedRows"":449}]"
"F0017","hire_rate","入职率","总览","OTC事业部","3月","5.35","%","24","449","当月入职人数 ÷ 当月发薪人数 × 100%","已核对","null","[{""name"":""当月入职人数"",""value"":24,""unit"":""人""},{""name"":""当月发薪人数"",""value"":449,""unit"":""人""}]","[{""table"":""2026年人工成本"",""fields"":[""月份"",""人数""],""filter"":""月份=3月"",""matchedRows"":449}]"
"F0018","turnover_rate","离职率","总览","OTC事业部","3月","9.13","%","41","449","当月离职人数 ÷ 当月发薪人数 × 100%","已核对","null","[{""name"":""当月离职人数"",""value"":41,""unit"":""人""},{""name"":""当月发薪人数"",""value"":449,""unit"":""人""}]","[{""table"":""2026年人工成本"",""fields"":[""月份"",""人数""],""filter"":""月份=3月"",""matchedRows"":449}]"
"F0019","total_cost","总成本","总览","OTC事业部","4月","716.33","万元","null","null","人工成本 + 市场费 + 运作费 + 品牌费","品牌费未分月","null","[{""name"":""人工成本"",""value"":359.94,""unit"":""万元""},{""name"":""市场费"",""value"":306.78,""unit"":""万元""},{""name"":""运作费"",""value"":49.62,""unit"":""万元""},{""name"":""品牌费（月度未分摊）"",""value"":0,""unit"":""万元""}]","[{""table"":""各部门费率计算"",""originalTable"":""各部门人工成本合计-总成本 副本"",""fields"":[""月度人工成本"",""月度市场费"",""月度运作费"",""月度实际销额"",""月度总成本""],""rowRefs"":[""department_rate.tsv#row1"",""department_rate.tsv#row2"",""department_rate.tsv#row3"",""department_rate.tsv#row4"",""department_rate.tsv#row5"",""department_rate.tsv#row6"",""department_rate.tsv#row7"",""department_rate.tsv#row8"",""department_rate.tsv#row9"",""department_rate.tsv#row10"",""department_rate.tsv#row11"",""department_rate.tsv#row12"",""department_rate.tsv#row13"",""department_rate.tsv#row14""]}]"
"F0020","actual_sales","实际销额","总览","OTC事业部","4月","4323.37","万元","null","null","新增费率计算表中对应部门、月份“实际销额”之和","已核对","null","[]","[{""table"":""各部门费率计算"",""originalTable"":""各部门人工成本合计-总成本 副本"",""fields"":[""月度人工成本"",""月度市场费"",""月度运作费"",""月度实际销额"",""月度总成本""],""rowRefs"":[""department_rate.tsv#row1"",""department_rate.tsv#row2"",""department_rate.tsv#row3"",""department_rate.tsv#row4"",""department_rate.tsv#row5"",""department_rate.tsv#row6"",""department_rate.tsv#row7"",""department_rate.tsv#row8"",""department_rate.tsv#row9"",""department_rate.tsv#row10"",""department_rate.tsv#row11"",""department_rate.tsv#row12"",""department_rate.tsv#row13"",""department_rate.tsv#row14""]}]"
"F0021","fee_rate","费率/总成本率","总览","OTC事业部","4月","16.57","%","716.33","4323.37","总成本 ÷ 实际销额 × 100%","品牌费未分月","{""level"":""normal"",""label"":""正常"",""message"":""费率低于20%暂定阈值""}","[{""name"":""月度总成本（未分摊品牌费）"",""value"":716.33,""unit"":""万元""},{""name"":""月度实际销额"",""value"":4323.37,""unit"":""万元""}]","[{""table"":""各部门费率计算"",""originalTable"":""各部门人工成本合计-总成本 副本"",""fields"":[""月度人工成本"",""月度市场费"",""月度运作费"",""月度实际销额"",""月度总成本""],""rowRefs"":[""department_rate.tsv#row1"",""department_rate.tsv#row2"",""department_rate.tsv#row3"",""department_rate.tsv#row4"",""department_rate.tsv#row5"",""department_rate.tsv#row6"",""department_rate.tsv#row7"",""department_rate.tsv#row8"",""department_rate.tsv#row9"",""department_rate.tsv#row10"",""department_rate.tsv#row11"",""department_rate.tsv#row12"",""department_rate.tsv#row13"",""department_rate.tsv#row14""]}]"
"F0022","paid_headcount","发薪人数","总览","OTC事业部","4月","423","人","null","null","人工成本表当月记录“人数”字段之和","已核对","null","[]","[{""table"":""2026年人工成本"",""fields"":[""月份"",""人数""],""filter"":""月份=4月"",""matchedRows"":423}]"
"F0023","hire_rate","入职率","总览","OTC事业部","4月","2.84","%","12","423","当月入职人数 ÷ 当月发薪人数 × 100%","已核对","null","[{""name"":""当月入职人数"",""value"":12,""unit"":""人""},{""name"":""当月发薪人数"",""value"":423,""unit"":""人""}]","[{""table"":""2026年人工成本"",""fields"":[""月份"",""人数""],""filter"":""月份=4月"",""matchedRows"":423}]"
"F0024","turnover_rate","离职率","总览","OTC事业部","4月","4.96","%","21","423","当月离职人数 ÷ 当月发薪人数 × 100%","已核对","null","[{""name"":""当月离职人数"",""value"":21,""unit"":""人""},{""name"":""当月发薪人数"",""value"":423,""unit"":""人""}]","[{""table"":""2026年人工成本"",""fields"":[""月份"",""人数""],""filter"":""月份=4月"",""matchedRows"":423}]"
"F0025","total_cost","总成本","总览","OTC事业部","5月","635.73","万元","null","null","人工成本 + 市场费 + 运作费 + 品牌费","品牌费未分月","null","[{""name"":""人工成本"",""value"":423.07,""unit"":""万元""},{""name"":""市场费"",""value"":171.01,""unit"":""万元""},{""name"":""运作费"",""value"":41.64,""unit"":""万元""},{""name"":""品牌费（月度未分摊）"",""value"":0,""unit"":""万元""}]","[{""table"":""各部门费率计算"",""originalTable"":""各部门人工成本合计-总成本 副本"",""fields"":[""月度人工成本"",""月度市场费"",""月度运作费"",""月度实际销额"",""月度总成本""],""rowRefs"":[""department_rate.tsv#row1"",""department_rate.tsv#row2"",""department_rate.tsv#row3"",""department_rate.tsv#row4"",""department_rate.tsv#row5"",""department_rate.tsv#row6"",""department_rate.tsv#row7"",""department_rate.tsv#row8"",""department_rate.tsv#row9"",""department_rate.tsv#row10"",""department_rate.tsv#row11"",""department_rate.tsv#row12"",""department_rate.tsv#row13"",""department_rate.tsv#row14""]}]"
"F0026","actual_sales","实际销额","总览","OTC事业部","5月","3686.31","万元","null","null","新增费率计算表中对应部门、月份“实际销额”之和","已核对","null","[]","[{""table"":""各部门费率计算"",""originalTable"":""各部门人工成本合计-总成本 副本"",""fields"":[""月度人工成本"",""月度市场费"",""月度运作费"",""月度实际销额"",""月度总成本""],""rowRefs"":[""department_rate.tsv#row1"",""department_rate.tsv#row2"",""department_rate.tsv#row3"",""department_rate.tsv#row4"",""department_rate.tsv#row5"",""department_rate.tsv#row6"",""department_rate.tsv#row7"",""department_rate.tsv#row8"",""department_rate.tsv#row9"",""department_rate.tsv#row10"",""department_rate.tsv#row11"",""department_rate.tsv#row12"",""department_rate.tsv#row13"",""department_rate.tsv#row14""]}]"
"F0027","fee_rate","费率/总成本率","总览","OTC事业部","5月","17.25","%","635.73","3686.31","总成本 ÷ 实际销额 × 100%","品牌费未分月","{""level"":""normal"",""label"":""正常"",""message"":""费率低于20%暂定阈值""}","[{""name"":""月度总成本（未分摊品牌费）"",""value"":635.73,""unit"":""万元""},{""name"":""月度实际销额"",""value"":3686.31,""unit"":""万元""}]","[{""table"":""各部门费率计算"",""originalTable"":""各部门人工成本合计-总成本 副本"",""fields"":[""月度人工成本"",""月度市场费"",""月度运作费"",""月度实际销额"",""月度总成本""],""rowRefs"":[""department_rate.tsv#row1"",""department_rate.tsv#row2"",""department_rate.tsv#row3"",""department_rate.tsv#row4"",""department_rate.tsv#row5"",""department_rate.tsv#row6"",""department_rate.tsv#row7"",""department_rate.tsv#row8"",""department_rate.tsv#row9"",""department_rate.tsv#row10"",""department_rate.tsv#row11"",""department_rate.tsv#row12"",""department_rate.tsv#row13"",""department_rate.tsv#row14""]}]"
"F0028","paid_headcount","发薪人数","总览","OTC事业部","5月","422","人","null","null","人工成本表当月记录“人数”字段之和","已核对","null","[]","[{""table"":""2026年人工成本"",""fields"":[""月份"",""人数""],""filter"":""月份=5月"",""matchedRows"":422}]"
"F0029","hire_rate","入职率","总览","OTC事业部","5月","3.55","%","15","422","当月入职人数 ÷ 当月发薪人数 × 100%","已核对","null","[{""name"":""当月入职人数"",""value"":15,""unit"":""人""},{""name"":""当月发薪人数"",""value"":422,""unit"":""人""}]","[{""table"":""2026年人工成本"",""fields"":[""月份"",""人数""],""filter"":""月份=5月"",""matchedRows"":422}]"
"F0030","turnover_rate","离职率","总览","OTC事业部","5月","7.58","%","32","422","当月离职人数 ÷ 当月发薪人数 × 100%","已核对","null","[{""name"":""当月离职人数"",""value"":32,""unit"":""人""},{""name"":""当月发薪人数"",""value"":422,""unit"":""人""}]","[{""table"":""2026年人工成本"",""fields"":[""月份"",""人数""],""filter"":""月份=5月"",""matchedRows"":422}]"
"F0031","total_cost","总成本","总览","OTC事业部","6月","372.29","万元","null","null","人工成本 + 市场费 + 运作费 + 品牌费","品牌费未分月","null","[{""name"":""人工成本"",""value"":372.29,""unit"":""万元""},{""name"":""市场费"",""value"":0,""unit"":""万元""},{""name"":""运作费"",""value"":0,""unit"":""万元""},{""name"":""品牌费（月度未分摊）"",""value"":0,""unit"":""万元""}]","[{""table"":""各部门费率计算"",""originalTable"":""各部门人工成本合计-总成本 副本"",""fields"":[""月度人工成本"",""月度市场费"",""月度运作费"",""月度实际销额"",""月度总成本""],""rowRefs"":[""department_rate.tsv#row1"",""department_rate.tsv#row2"",""department_rate.tsv#row3"",""department_rate.tsv#row4"",""department_rate.tsv#row5"",""department_rate.tsv#row6"",""department_rate.tsv#row7"",""department_rate.tsv#row8"",""department_rate.tsv#row9"",""department_rate.tsv#row10"",""department_rate.tsv#row11"",""department_rate.tsv#row12"",""department_rate.tsv#row13"",""department_rate.tsv#row14""]}]"
"F0032","actual_sales","实际销额","总览","OTC事业部","6月","3529.97","万元","null","null","新增费率计算表中对应部门、月份“实际销额”之和","已核对","null","[]","[{""table"":""各部门费率计算"",""originalTable"":""各部门人工成本合计-总成本 副本"",""fields"":[""月度人工成本"",""月度市场费"",""月度运作费"",""月度实际销额"",""月度总成本""],""rowRefs"":[""department_rate.tsv#row1"",""department_rate.tsv#row2"",""department_rate.tsv#row3"",""department_rate.tsv#row4"",""department_rate.tsv#row5"",""department_rate.tsv#row6"",""department_rate.tsv#row7"",""department_rate.tsv#row8"",""department_rate.tsv#row9"",""department_rate.tsv#row10"",""department_rate.tsv#row11"",""department_rate.tsv#row12"",""department_rate.tsv#row13"",""department_rate.tsv#row14""]}]"
"F0033","fee_rate","费率/总成本率","总览","OTC事业部","6月","10.55","%","372.29","3529.97","总成本 ÷ 实际销额 × 100%","品牌费未分月","{""level"":""normal"",""label"":""正常"",""message"":""费率低于20%暂定阈值""}","[{""name"":""月度总成本（未分摊品牌费）"",""value"":372.29,""unit"":""万元""},{""name"":""月度实际销额"",""value"":3529.97,""unit"":""万元""}]","[{""table"":""各部门费率计算"",""originalTable"":""各部门人工成本合计-总成本 副本"",""fields"":[""月度人工成本"",""月度市场费"",""月度运作费"",""月度实际销额"",""月度总成本""],""rowRefs"":[""department_rate.tsv#row1"",""department_rate.tsv#row2"",""department_rate.tsv#row3"",""department_rate.tsv#row4"",""department_rate.tsv#row5"",""department_rate.tsv#row6"",""department_rate.tsv#row7"",""department_rate.tsv#row8"",""department_rate.tsv#row9"",""department_rate.tsv#row10"",""department_rate.tsv#row11"",""department_rate.tsv#row12"",""department_rate.tsv#row13"",""department_rate.tsv#row14""]}]"
"F0034","paid_headcount","发薪人数","总览","OTC事业部","6月","391","人","null","null","人工成本表当月记录“人数”字段之和","已核对","null","[]","[{""table"":""2026年人工成本"",""fields"":[""月份"",""人数""],""filter"":""月份=6月"",""matchedRows"":391}]"
"F0035","hire_rate","入职率","总览","OTC事业部","6月","1.53","%","6","391","当月入职人数 ÷ 当月发薪人数 × 100%","已核对","null","[{""name"":""当月入职人数"",""value"":6,""unit"":""人""},{""name"":""当月发薪人数"",""value"":391,""unit"":""人""}]","[{""table"":""2026年人工成本"",""fields"":[""月份"",""人数""],""filter"":""月份=6月"",""matchedRows"":391}]"
"F0036","turnover_rate","离职率","总览","OTC事业部","6月","5.37","%","21","391","当月离职人数 ÷ 当月发薪人数 × 100%","已核对","null","[{""name"":""当月离职人数"",""value"":21,""unit"":""人""},{""name"":""当月发薪人数"",""value"":391,""unit"":""人""}]","[{""table"":""2026年人工成本"",""fields"":[""月份"",""人数""],""filter"":""月份=6月"",""matchedRows"":391}]"
"F0037","fee_rate","费率/总成本率","部门","连锁部","1月","22.59","%","418.7","1853.13","总成本 ÷ 实际销额 × 100%","已核对","{""level"":""warning"",""label"":""关注"",""message"":""费率≥20%，进入关注区间""}","[{""name"":""部门总成本"",""value"":418.7,""unit"":""万元""},{""name"":""部门实际销额"",""value"":1853.13,""unit"":""万元""}]","[{""table"":""各部门费率计算"",""originalTable"":""各部门人工成本合计-总成本 副本"",""fields"":[""总成本"",""实际销额"",""费率""],""rowRefs"":[""department_rate.tsv#row1"",""department_rate.tsv#row7""]}]"
"F0038","human_efficiency","人效","部门","连锁部","1月","6.2","万元/人","1853.13","299","实际销额 ÷ 当月发薪人数","已核对","null","[{""name"":""部门实际销额"",""value"":1853.13,""unit"":""万元""},{""name"":""部门发薪人数"",""value"":299,""unit"":""人""}]","[{""table"":""各部门费率计算"",""originalTable"":""各部门人工成本合计-总成本 副本"",""fields"":[""总成本"",""实际销额"",""费率""],""rowRefs"":[""department_rate.tsv#row1"",""department_rate.tsv#row7""]},{""table"":""2026年人工成本"",""fields"":[""部门"",""月份"",""人数""],""filter"":""部门=连锁部；月份=1月"",""matchedRows"":299}]"
"F0039","labor_cost","人工成本","部门","连锁部","1月","250.91","万元","null","null","人工成本明细“人工成本”字段合计 ÷ 10,000","已核对","null","[{""name"":""人工成本（元）"",""value"":2509100,""unit"":""元""}]","[{""table"":""2026年人工成本"",""fields"":[""部门"",""月份"",""人工成本""],""filter"":""业务口径部门=连锁部；月份=1月"",""matchedRows"":299}]"
"F0040","fee_rate","费率/总成本率","部门","连锁部","2月","23.08","%","324.01","1403.95","总成本 ÷ 实际销额 × 100%","已核对","{""level"":""warning"",""label"":""关注"",""message"":""费率≥20%，进入关注区间""}","[{""name"":""部门总成本"",""value"":324.01,""unit"":""万元""},{""name"":""部门实际销额"",""value"":1403.95,""unit"":""万元""}]","[{""table"":""各部门费率计算"",""originalTable"":""各部门人工成本合计-总成本 副本"",""fields"":[""总成本"",""实际销额"",""费率""],""rowRefs"":[""department_rate.tsv#row1"",""department_rate.tsv#row7""]}]"
"F0041","human_efficiency","人效","部门","连锁部","2月","5.11","万元/人","1403.95","275","实际销额 ÷ 当月发薪人数","已核对","null","[{""name"":""部门实际销额"",""value"":1403.95,""unit"":""万元""},{""name"":""部门发薪人数"",""value"":275,""unit"":""人""}]","[{""table"":""各部门费率计算"",""originalTable"":""各部门人工成本合计-总成本 副本"",""fields"":[""总成本"",""实际销额"",""费率""],""rowRefs"":[""department_rate.tsv#row1"",""department_rate.tsv#row7""]},{""table"":""2026年人工成本"",""fields"":[""部门"",""月份"",""人数""],""filter"":""部门=连锁部；月份=2月"",""matchedRows"":275}]"
"F0042","labor_cost","人工成本","部门","连锁部","2月","198.76","万元","null","null","人工成本明细“人工成本”字段合计 ÷ 10,000","已核对","null","[{""name"":""人工成本（元）"",""value"":1987600,""unit"":""元""}]","[{""table"":""2026年人工成本"",""fields"":[""部门"",""月份"",""人工成本""],""filter"":""业务口径部门=连锁部；月份=2月"",""matchedRows"":275}]"
"F0043","fee_rate","费率/总成本率","部门","连锁部","3月","16.88","%","394.87","2339.72","总成本 ÷ 实际销额 × 100%","已核对","{""level"":""normal"",""label"":""正常"",""message"":""费率低于20%暂定阈值""}","[{""name"":""部门总成本"",""value"":394.87,""unit"":""万元""},{""name"":""部门实际销额"",""value"":2339.72,""unit"":""万元""}]","[{""table"":""各部门费率计算"",""originalTable"":""各部门人工成本合计-总成本 副本"",""fields"":[""总成本"",""实际销额"",""费率""],""rowRefs"":[""department_rate.tsv#row1"",""department_rate.tsv#row7""]}]"
"F0044","human_efficiency","人效","部门","连锁部","3月","8.42","万元/人","2339.72","278","实际销额 ÷ 当月发薪人数","已核对","null","[{""name"":""部门实际销额"",""value"":2339.72,""unit"":""万元""},{""name"":""部门发薪人数"",""value"":278,""unit"":""人""}]","[{""table"":""各部门费率计算"",""originalTable"":""各部门人工成本合计-总成本 副本"",""fields"":[""总成本"",""实际销额"",""费率""],""rowRefs"":[""department_rate.tsv#row1"",""department_rate.tsv#row7""]},{""table"":""2026年人工成本"",""fields"":[""部门"",""月份"",""人数""],""filter"":""部门=连锁部；月份=3月"",""matchedRows"":278}]"
"F0045","labor_cost","人工成本","部门","连锁部","3月","254.51","万元","null","null","人工成本明细“人工成本”字段合计 ÷ 10,000","已核对","null","[{""name"":""人工成本（元）"",""value"":2545100,""unit"":""元""}]","[{""table"":""2026年人工成本"",""fields"":[""部门"",""月份"",""人工成本""],""filter"":""业务口径部门=连锁部；月份=3月"",""matchedRows"":278}]"
"F0046","fee_rate","费率/总成本率","部门","连锁部","4月","22.92","%","305.85","1334.34","总成本 ÷ 实际销额 × 100%","已核对","{""level"":""warning"",""label"":""关注"",""message"":""费率≥20%，进入关注区间""}","[{""name"":""部门总成本"",""value"":305.85,""unit"":""万元""},{""name"":""部门实际销额"",""value"":1334.34,""unit"":""万元""}]","[{""table"":""各部门费率计算"",""originalTable"":""各部门人工成本合计-总成本 副本"",""fields"":[""总成本"",""实际销额"",""费率""],""rowRefs"":[""department_rate.tsv#row1"",""department_rate.tsv#row7""]}]"
"F0047","human_efficiency","人效","部门","连锁部","4月","5.25","万元/人","1334.34","254","实际销额 ÷ 当月发薪人数","已核对","null","[{""name"":""部门实际销额"",""value"":1334.34,""unit"":""万元""},{""name"":""部门发薪人数"",""value"":254,""unit"":""人""}]","[{""table"":""各部门费率计算"",""originalTable"":""各部门人工成本合计-总成本 副本"",""fields"":[""总成本"",""实际销额"",""费率""],""rowRefs"":[""department_rate.tsv#row1"",""department_rate.tsv#row7""]},{""table"":""2026年人工成本"",""fields"":[""部门"",""月份"",""人数""],""filter"":""部门=连锁部；月份=4月"",""matchedRows"":254}]"
"F0048","labor_cost","人工成本","部门","连锁部","4月","168.67","万元","null","null","人工成本明细“人工成本”字段合计 ÷ 10,000","已核对","null","[{""name"":""人工成本（元）"",""value"":1686700,""unit"":""元""}]","[{""table"":""2026年人工成本"",""fields"":[""部门"",""月份"",""人工成本""],""filter"":""业务口径部门=连锁部；月份=4月"",""matchedRows"":254}]"
"F0049","fee_rate","费率/总成本率","部门","连锁部","5月","27.01","%","370.05","1370.03","总成本 ÷ 实际销额 × 100%","已核对","{""level"":""warning"",""label"":""关注"",""message"":""费率≥20%，进入关注区间""}","[{""name"":""部门总成本"",""value"":370.05,""unit"":""万元""},{""name"":""部门实际销额"",""value"":1370.03,""unit"":""万元""}]","[{""table"":""各部门费率计算"",""originalTable"":""各部门人工成本合计-总成本 副本"",""fields"":[""总成本"",""实际销额"",""费率""],""rowRefs"":[""department_rate.tsv#row1"",""department_rate.tsv#row7""]}]"
"F0050","human_efficiency","人效","部门","连锁部","5月","5.42","万元/人","1370.03","253","实际销额 ÷ 当月发薪人数","已核对","null","[{""name"":""部门实际销额"",""value"":1370.03,""unit"":""万元""},{""name"":""部门发薪人数"",""value"":253,""unit"":""人""}]","[{""table"":""各部门费率计算"",""originalTable"":""各部门人工成本合计-总成本 副本"",""fields"":[""总成本"",""实际销额"",""费率""],""rowRefs"":[""department_rate.tsv#row1"",""department_rate.tsv#row7""]},{""table"":""2026年人工成本"",""fields"":[""部门"",""月份"",""人数""],""filter"":""部门=连锁部；月份=5月"",""matchedRows"":253}]"
"F0051","labor_cost","人工成本","部门","连锁部","5月","226.52","万元","null","null","人工成本明细“人工成本”字段合计 ÷ 10,000","已核对","null","[{""name"":""人工成本（元）"",""value"":2265200,""unit"":""元""}]","[{""table"":""2026年人工成本"",""fields"":[""部门"",""月份"",""人工成本""],""filter"":""业务口径部门=连锁部；月份=5月"",""matchedRows"":253}]"
"F0052","fee_rate","费率/总成本率","部门","连锁部","6月","10.93","%","163.16","1493.33","总成本 ÷ 实际销额 × 100%","已核对","{""level"":""normal"",""label"":""正常"",""message"":""费率低于20%暂定阈值""}","[{""name"":""部门总成本"",""value"":163.16,""unit"":""万元""},{""name"":""部门实际销额"",""value"":1493.33,""unit"":""万元""}]","[{""table"":""各部门费率计算"",""originalTable"":""各部门人工成本合计-总成本 副本"",""fields"":[""总成本"",""实际销额"",""费率""],""rowRefs"":[""department_rate.tsv#row1"",""department_rate.tsv#row7""]}]"
"F0053","human_efficiency","人效","部门","连锁部","6月","6.46","万元/人","1493.33","231","实际销额 ÷ 当月发薪人数","已核对","null","[{""name"":""部门实际销额"",""value"":1493.33,""unit"":""万元""},{""name"":""部门发薪人数"",""value"":231,""unit"":""人""}]","[{""table"":""各部门费率计算"",""originalTable"":""各部门人工成本合计-总成本 副本"",""fields"":[""总成本"",""实际销额"",""费率""],""rowRefs"":[""department_rate.tsv#row1"",""department_rate.tsv#row7""]},{""table"":""2026年人工成本"",""fields"":[""部门"",""月份"",""人数""],""filter"":""部门=连锁部；月份=6月"",""matchedRows"":231}]"
"F0054","labor_cost","人工成本","部门","连锁部","6月","158.24","万元","null","null","人工成本明细“人工成本”字段合计 ÷ 10,000","已核对","null","[{""name"":""人工成本（元）"",""value"":1582400,""unit"":""元""}]","[{""table"":""2026年人工成本"",""fields"":[""部门"",""月份"",""人工成本""],""filter"":""业务口径部门=连锁部；月份=6月"",""matchedRows"":231}]"
"F0055","budget_execution","人工成本预算执行率","部门","连锁部","累计","23.65","%","1257.61","5317.43","累计实际人工成本 ÷ 全年人工成本预算 × 100%","已核对","null","[{""name"":""1—6月实际人工成本"",""value"":1257.61,""unit"":""万元""},{""name"":""全年人工成本预算"",""value"":5317.43,""unit"":""万元""}]","[{""table"":""2026年人工成本"",""fields"":[""部门"",""月份"",""人工成本""],""matchedRows"":1590},{""table"":""26年预测人工成本"",""fields"":[""部门"",""人工成本预算""],""rowRefs"":[""labor_budget.tsv#row3""]}]"
"F0056","fee_rate","费率/总成本率","部门","分销部","1月","38.81","%","1157.17","2981.45","总成本 ÷ 实际销额 × 100%","已核对","{""level"":""critical"",""label"":""严重预警"",""message"":""费率≥30%，超过暂定红线""}","[{""name"":""部门总成本"",""value"":1157.17,""unit"":""万元""},{""name"":""部门实际销额"",""value"":2981.45,""unit"":""万元""}]","[{""table"":""各部门费率计算"",""originalTable"":""各部门人工成本合计-总成本 副本"",""fields"":[""总成本"",""实际销额"",""费率""],""rowRefs"":[""department_rate.tsv#row2"",""department_rate.tsv#row8""]}]"
"F0057","human_efficiency","人效","部门","分销部","1月","23.66","万元/人","2981.45","126","实际销额 ÷ 当月发薪人数","已核对","null","[{""name"":""部门实际销额"",""value"":2981.45,""unit"":""万元""},{""name"":""部门发薪人数"",""value"":126,""unit"":""人""}]","[{""table"":""各部门费率计算"",""originalTable"":""各部门人工成本合计-总成本 副本"",""fields"":[""总成本"",""实际销额"",""费率""],""rowRefs"":[""department_rate.tsv#row2"",""department_rate.tsv#row8""]},{""table"":""2026年人工成本"",""fields"":[""部门"",""月份"",""人数""],""filter"":""部门=分销部；月份=1月"",""matchedRows"":126}]"
"F0058","labor_cost","人工成本","部门","分销部","1月","82.34","万元","null","null","人工成本明细“人工成本”字段合计 ÷ 10,000","已核对","null","[{""name"":""人工成本（元）"",""value"":823400,""unit"":""元""}]","[{""table"":""2026年人工成本"",""fields"":[""部门"",""月份"",""人工成本""],""filter"":""业务口径部门=分销部；月份=1月"",""matchedRows"":126}]"
"F0059","fee_rate","费率/总成本率","部门","分销部","2月","9.97","%","165.77","1661.92","总成本 ÷ 实际销额 × 100%","已核对","{""level"":""normal"",""label"":""正常"",""message"":""费率低于20%暂定阈值""}","[{""name"":""部门总成本"",""value"":165.77,""unit"":""万元""},{""name"":""部门实际销额"",""value"":1661.92,""unit"":""万元""}]","[{""table"":""各部门费率计算"",""originalTable"":""各部门人工成本合计-总成本 副本"",""fields"":[""总成本"",""实际销额"",""费率""],""rowRefs"":[""department_rate.tsv#row2"",""department_rate.tsv#row8""]}]"
"F0060","human_efficiency","人效","部门","分销部","2月","13.62","万元/人","1661.92","122","实际销额 ÷ 当月发薪人数","已核对","null","[{""name"":""部门实际销额"",""value"":1661.92,""unit"":""万元""},{""name"":""部门发薪人数"",""value"":122,""unit"":""人""}]","[{""table"":""各部门费率计算"",""originalTable"":""各部门人工成本合计-总成本 副本"",""fields"":[""总成本"",""实际销额"",""费率""],""rowRefs"":[""department_rate.tsv#row2"",""department_rate.tsv#row8""]},{""table"":""2026年人工成本"",""fields"":[""部门"",""月份"",""人数""],""filter"":""部门=分销部；月份=2月"",""matchedRows"":122}]"
"F0061","labor_cost","人工成本","部门","分销部","2月","96.77","万元","null","null","人工成本明细“人工成本”字段合计 ÷ 10,000","已核对","null","[{""name"":""人工成本（元）"",""value"":967700,""unit"":""元""}]","[{""table"":""2026年人工成本"",""fields"":[""部门"",""月份"",""人工成本""],""filter"":""业务口径部门=分销部；月份=2月"",""matchedRows"":122}]"
"F0062","fee_rate","费率/总成本率","部门","分销部","3月","8.23","%","224.67","2730.87","总成本 ÷ 实际销额 × 100%","已核对","{""level"":""normal"",""label"":""正常"",""message"":""费率低于20%暂定阈值""}","[{""name"":""部门总成本"",""value"":224.67,""unit"":""万元""},{""name"":""部门实际销额"",""value"":2730.87,""unit"":""万元""}]","[{""table"":""各部门费率计算"",""originalTable"":""各部门人工成本合计-总成本 副本"",""fields"":[""总成本"",""实际销额"",""费率""],""rowRefs"":[""department_rate.tsv#row2"",""department_rate.tsv#row8""]}]"
"F0063","human_efficiency","人效","部门","分销部","3月","22.76","万元/人","2730.87","120","实际销额 ÷ 当月发薪人数","已核对","null","[{""name"":""部门实际销额"",""value"":2730.87,""unit"":""万元""},{""name"":""部门发薪人数"",""value"":120,""unit"":""人""}]","[{""table"":""各部门费率计算"",""originalTable"":""各部门人工成本合计-总成本 副本"",""fields"":[""总成本"",""实际销额"",""费率""],""rowRefs"":[""department_rate.tsv#row2"",""department_rate.tsv#row8""]},{""table"":""2026年人工成本"",""fields"":[""部门"",""月份"",""人数""],""filter"":""部门=分销部；月份=3月"",""matchedRows"":120}]"
"F0064","labor_cost","人工成本","部门","分销部","3月","77.4","万元","null","null","人工成本明细“人工成本”字段合计 ÷ 10,000","已核对","null","[{""name"":""人工成本（元）"",""value"":774000,""unit"":""元""}]","[{""table"":""2026年人工成本"",""fields"":[""部门"",""月份"",""人工成本""],""filter"":""业务口径部门=分销部；月份=3月"",""matchedRows"":120}]"
"F0065","fee_rate","费率/总成本率","部门","分销部","4月","9.95","%","167","1678.29","总成本 ÷ 实际销额 × 100%","已核对","{""level"":""normal"",""label"":""正常"",""message"":""费率低于20%暂定阈值""}","[{""name"":""部门总成本"",""value"":167,""unit"":""万元""},{""name"":""部门实际销额"",""value"":1678.29,""unit"":""万元""}]","[{""table"":""各部门费率计算"",""originalTable"":""各部门人工成本合计-总成本 副本"",""fields"":[""总成本"",""实际销额"",""费率""],""rowRefs"":[""department_rate.tsv#row2"",""department_rate.tsv#row8""]}]"
"F0066","human_efficiency","人效","部门","分销部","4月","14.22","万元/人","1678.29","118","实际销额 ÷ 当月发薪人数","已核对","null","[{""name"":""部门实际销额"",""value"":1678.29,""unit"":""万元""},{""name"":""部门发薪人数"",""value"":118,""unit"":""人""}]","[{""table"":""各部门费率计算"",""originalTable"":""各部门人工成本合计-总成本 副本"",""fields"":[""总成本"",""实际销额"",""费率""],""rowRefs"":[""department_rate.tsv#row2"",""department_rate.tsv#row8""]},{""table"":""2026年人工成本"",""fields"":[""部门"",""月份"",""人数""],""filter"":""部门=分销部；月份=4月"",""matchedRows"":118}]"
"F0067","labor_cost","人工成本","部门","分销部","4月","73.16","万元","null","null","人工成本明细“人工成本”字段合计 ÷ 10,000","已核对","null","[{""name"":""人工成本（元）"",""value"":731600,""unit"":""元""}]","[{""table"":""2026年人工成本"",""fields"":[""部门"",""月份"",""人工成本""],""filter"":""业务口径部门=分销部；月份=4月"",""matchedRows"":118}]"
"F0068","fee_rate","费率/总成本率","部门","分销部","5月","12.41","%","168.49","1357.55","总成本 ÷ 实际销额 × 100%","已核对","{""level"":""normal"",""label"":""正常"",""message"":""费率低于20%暂定阈值""}","[{""name"":""部门总成本"",""value"":168.49,""unit"":""万元""},{""name"":""部门实际销额"",""value"":1357.55,""unit"":""万元""}]","[{""table"":""各部门费率计算"",""originalTable"":""各部门人工成本合计-总成本 副本"",""fields"":[""总成本"",""实际销额"",""费率""],""rowRefs"":[""department_rate.tsv#row2"",""department_rate.tsv#row8""]}]"
"F0069","human_efficiency","人效","部门","分销部","5月","11.6","万元/人","1357.55","117","实际销额 ÷ 当月发薪人数","已核对","null","[{""name"":""部门实际销额"",""value"":1357.55,""unit"":""万元""},{""name"":""部门发薪人数"",""value"":117,""unit"":""人""}]","[{""table"":""各部门费率计算"",""originalTable"":""各部门人工成本合计-总成本 副本"",""fields"":[""总成本"",""实际销额"",""费率""],""rowRefs"":[""department_rate.tsv#row2"",""department_rate.tsv#row8""]},{""table"":""2026年人工成本"",""fields"":[""部门"",""月份"",""人数""],""filter"":""部门=分销部；月份=5月"",""matchedRows"":117}]"
"F0070","labor_cost","人工成本","部门","分销部","5月","93.08","万元","null","null","人工成本明细“人工成本”字段合计 ÷ 10,000","已核对","null","[{""name"":""人工成本（元）"",""value"":930800,""unit"":""元""}]","[{""table"":""2026年人工成本"",""fields"":[""部门"",""月份"",""人工成本""],""filter"":""业务口径部门=分销部；月份=5月"",""matchedRows"":117}]"
"F0071","fee_rate","费率/总成本率","部门","分销部","6月","6.57","%","113.8","1733.33","总成本 ÷ 实际销额 × 100%","已核对","{""level"":""normal"",""label"":""正常"",""message"":""费率低于20%暂定阈值""}","[{""name"":""部门总成本"",""value"":113.8,""unit"":""万元""},{""name"":""部门实际销额"",""value"":1733.33,""unit"":""万元""}]","[{""table"":""各部门费率计算"",""originalTable"":""各部门人工成本合计-总成本 副本"",""fields"":[""总成本"",""实际销额"",""费率""],""rowRefs"":[""department_rate.tsv#row2"",""department_rate.tsv#row8""]}]"
"F0072","human_efficiency","人效","部门","分销部","6月","15.34","万元/人","1733.33","113","实际销额 ÷ 当月发薪人数","已核对","null","[{""name"":""部门实际销额"",""value"":1733.33,""unit"":""万元""},{""name"":""部门发薪人数"",""value"":113,""unit"":""人""}]","[{""table"":""各部门费率计算"",""originalTable"":""各部门人工成本合计-总成本 副本"",""fields"":[""总成本"",""实际销额"",""费率""],""rowRefs"":[""department_rate.tsv#row2"",""department_rate.tsv#row8""]},{""table"":""2026年人工成本"",""fields"":[""部门"",""月份"",""人数""],""filter"":""部门=分销部；月份=6月"",""matchedRows"":113}]"
"F0073","labor_cost","人工成本","部门","分销部","6月","113.8","万元","null","null","人工成本明细“人工成本”字段合计 ÷ 10,000","已核对","null","[{""name"":""人工成本（元）"",""value"":1138000,""unit"":""元""}]","[{""table"":""2026年人工成本"",""fields"":[""部门"",""月份"",""人工成本""],""filter"":""业务口径部门=分销部；月份=6月"",""matchedRows"":113}]"
"F0074","budget_execution","人工成本预算执行率","部门","分销部","累计","17.64","%","536.55","3042.17","累计实际人工成本 ÷ 全年人工成本预算 × 100%","已核对","null","[{""name"":""1—6月实际人工成本"",""value"":536.55,""unit"":""万元""},{""name"":""全年人工成本预算"",""value"":3042.17,""unit"":""万元""}]","[{""table"":""2026年人工成本"",""fields"":[""部门"",""月份"",""人工成本""],""matchedRows"":716},{""table"":""26年预测人工成本"",""fields"":[""部门"",""人工成本预算""],""rowRefs"":[""labor_budget.tsv#row2""]}]"
"F0075","fee_rate","费率/总成本率","部门","O2O部","1月","null","%","9.04","0","总成本 ÷ 实际销额 × 100%","实际销额为0","{""level"":""data-gap"",""label"":""无法计算"",""message"":""实际销额为0，费率不具备判断基础""}","[{""name"":""部门总成本"",""value"":9.04,""unit"":""万元""},{""name"":""部门实际销额"",""value"":0,""unit"":""万元""}]","[{""table"":""各部门费率计算"",""originalTable"":""各部门人工成本合计-总成本 副本"",""fields"":[""总成本"",""实际销额"",""费率""],""rowRefs"":[""department_rate.tsv#row11"",""department_rate.tsv#row12""]}]"
"F0076","human_efficiency","人效","部门","O2O部","1月","0","万元/人","0","7","实际销额 ÷ 当月发薪人数","实际销额为0","null","[{""name"":""部门实际销额"",""value"":0,""unit"":""万元""},{""name"":""部门发薪人数"",""value"":7,""unit"":""人""}]","[{""table"":""各部门费率计算"",""originalTable"":""各部门人工成本合计-总成本 副本"",""fields"":[""总成本"",""实际销额"",""费率""],""rowRefs"":[""department_rate.tsv#row11"",""department_rate.tsv#row12""]},{""table"":""2026年人工成本"",""fields"":[""部门"",""月份"",""人数""],""filter"":""部门=O2O部；月份=1月"",""matchedRows"":7}]"
"F0077","labor_cost","人工成本","部门","O2O部","1月","9.03","万元","null","null","人工成本明细“人工成本”字段合计 ÷ 10,000","已核对","null","[{""name"":""人工成本（元）"",""value"":90300,""unit"":""元""}]","[{""table"":""2026年人工成本"",""fields"":[""部门"",""月份"",""人工成本""],""filter"":""业务口径部门=O2O部；月份=1月"",""matchedRows"":7}]"
"F0078","fee_rate","费率/总成本率","部门","O2O部","2月","null","%","8.61","0","总成本 ÷ 实际销额 × 100%","实际销额为0","{""level"":""data-gap"",""label"":""无法计算"",""message"":""实际销额为0，费率不具备判断基础""}","[{""name"":""部门总成本"",""value"":8.61,""unit"":""万元""},{""name"":""部门实际销额"",""value"":0,""unit"":""万元""}]","[{""table"":""各部门费率计算"",""originalTable"":""各部门人工成本合计-总成本 副本"",""fields"":[""总成本"",""实际销额"",""费率""],""rowRefs"":[""department_rate.tsv#row11"",""department_rate.tsv#row12""]}]"
"F0079","human_efficiency","人效","部门","O2O部","2月","0","万元/人","0","7","实际销额 ÷ 当月发薪人数","实际销额为0","null","[{""name"":""部门实际销额"",""value"":0,""unit"":""万元""},{""name"":""部门发薪人数"",""value"":7,""unit"":""人""}]","[{""table"":""各部门费率计算"",""originalTable"":""各部门人工成本合计-总成本 副本"",""fields"":[""总成本"",""实际销额"",""费率""],""rowRefs"":[""department_rate.tsv#row11"",""department_rate.tsv#row12""]},{""table"":""2026年人工成本"",""fields"":[""部门"",""月份"",""人数""],""filter"":""部门=O2O部；月份=2月"",""matchedRows"":7}]"
"F0080","labor_cost","人工成本","部门","O2O部","2月","8.61","万元","null","null","人工成本明细“人工成本”字段合计 ÷ 10,000","已核对","null","[{""name"":""人工成本（元）"",""value"":86100,""unit"":""元""}]","[{""table"":""2026年人工成本"",""fields"":[""部门"",""月份"",""人工成本""],""filter"":""业务口径部门=O2O部；月份=2月"",""matchedRows"":7}]"
"F0081","fee_rate","费率/总成本率","部门","O2O部","3月","null","%","9.42","0","总成本 ÷ 实际销额 × 100%","实际销额为0","{""level"":""data-gap"",""label"":""无法计算"",""message"":""实际销额为0，费率不具备判断基础""}","[{""name"":""部门总成本"",""value"":9.42,""unit"":""万元""},{""name"":""部门实际销额"",""value"":0,""unit"":""万元""}]","[{""table"":""各部门费率计算"",""originalTable"":""各部门人工成本合计-总成本 副本"",""fields"":[""总成本"",""实际销额"",""费率""],""rowRefs"":[""department_rate.tsv#row11"",""department_rate.tsv#row12""]}]"
"F0082","human_efficiency","人效","部门","O2O部","3月","0","万元/人","0","7","实际销额 ÷ 当月发薪人数","实际销额为0","null","[{""name"":""部门实际销额"",""value"":0,""unit"":""万元""},{""name"":""部门发薪人数"",""value"":7,""unit"":""人""}]","[{""table"":""各部门费率计算"",""originalTable"":""各部门人工成本合计-总成本 副本"",""fields"":[""总成本"",""实际销额"",""费率""],""rowRefs"":[""department_rate.tsv#row11"",""department_rate.tsv#row12""]},{""table"":""2026年人工成本"",""fields"":[""部门"",""月份"",""人数""],""filter"":""部门=O2O部；月份=3月"",""matchedRows"":7}]"
"F0083","labor_cost","人工成本","部门","O2O部","3月","9.42","万元","null","null","人工成本明细“人工成本”字段合计 ÷ 10,000","已核对","null","[{""name"":""人工成本（元）"",""value"":94200,""unit"":""元""}]","[{""table"":""2026年人工成本"",""fields"":[""部门"",""月份"",""人工成本""],""filter"":""业务口径部门=O2O部；月份=3月"",""matchedRows"":7}]"
"F0084","fee_rate","费率/总成本率","部门","O2O部","4月","null","%","14.25","0","总成本 ÷ 实际销额 × 100%","实际销额为0","{""level"":""data-gap"",""label"":""无法计算"",""message"":""实际销额为0，费率不具备判断基础""}","[{""name"":""部门总成本"",""value"":14.25,""unit"":""万元""},{""name"":""部门实际销额"",""value"":0,""unit"":""万元""}]","[{""table"":""各部门费率计算"",""originalTable"":""各部门人工成本合计-总成本 副本"",""fields"":[""总成本"",""实际销额"",""费率""],""rowRefs"":[""department_rate.tsv#row11"",""department_rate.tsv#row12""]}]"
"F0085","human_efficiency","人效","部门","O2O部","4月","0","万元/人","0","6","实际销额 ÷ 当月发薪人数","实际销额为0","null","[{""name"":""部门实际销额"",""value"":0,""unit"":""万元""},{""name"":""部门发薪人数"",""value"":6,""unit"":""人""}]","[{""table"":""各部门费率计算"",""originalTable"":""各部门人工成本合计-总成本 副本"",""fields"":[""总成本"",""实际销额"",""费率""],""rowRefs"":[""department_rate.tsv#row11"",""department_rate.tsv#row12""]},{""table"":""2026年人工成本"",""fields"":[""部门"",""月份"",""人数""],""filter"":""部门=O2O部；月份=4月"",""matchedRows"":6}]"
"F0086","labor_cost","人工成本","部门","O2O部","4月","14.25","万元","null","null","人工成本明细“人工成本”字段合计 ÷ 10,000","已核对","null","[{""name"":""人工成本（元）"",""value"":142500,""unit"":""元""}]","[{""table"":""2026年人工成本"",""fields"":[""部门"",""月份"",""人工成本""],""filter"":""业务口径部门=O2O部；月份=4月"",""matchedRows"":6}]"
"F0087","fee_rate","费率/总成本率","部门","O2O部","5月","null","%","2.61","0","总成本 ÷ 实际销额 × 100%","实际销额为0","{""level"":""data-gap"",""label"":""无法计算"",""message"":""实际销额为0，费率不具备判断基础""}","[{""name"":""部门总成本"",""value"":2.61,""unit"":""万元""},{""name"":""部门实际销额"",""value"":0,""unit"":""万元""}]","[{""table"":""各部门费率计算"",""originalTable"":""各部门人工成本合计-总成本 副本"",""fields"":[""总成本"",""实际销额"",""费率""],""rowRefs"":[""department_rate.tsv#row11"",""department_rate.tsv#row12""]}]"
"F0088","human_efficiency","人效","部门","O2O部","5月","0","万元/人","0","5","实际销额 ÷ 当月发薪人数","实际销额为0","null","[{""name"":""部门实际销额"",""value"":0,""unit"":""万元""},{""name"":""部门发薪人数"",""value"":5,""unit"":""人""}]","[{""table"":""各部门费率计算"",""originalTable"":""各部门人工成本合计-总成本 副本"",""fields"":[""总成本"",""实际销额"",""费率""],""rowRefs"":[""department_rate.tsv#row11"",""department_rate.tsv#row12""]},{""table"":""2026年人工成本"",""fields"":[""部门"",""月份"",""人数""],""filter"":""部门=O2O部；月份=5月"",""matchedRows"":5}]"
"F0089","labor_cost","人工成本","部门","O2O部","5月","2.61","万元","null","null","人工成本明细“人工成本”字段合计 ÷ 10,000","已核对","null","[{""name"":""人工成本（元）"",""value"":26100,""unit"":""元""}]","[{""table"":""2026年人工成本"",""fields"":[""部门"",""月份"",""人工成本""],""filter"":""业务口径部门=O2O部；月份=5月"",""matchedRows"":5}]"
"F0090","fee_rate","费率/总成本率","部门","O2O部","6月","null","%","3.75","0","总成本 ÷ 实际销额 × 100%","实际销额为0","{""level"":""data-gap"",""label"":""无法计算"",""message"":""实际销额为0，费率不具备判断基础""}","[{""name"":""部门总成本"",""value"":3.75,""unit"":""万元""},{""name"":""部门实际销额"",""value"":0,""unit"":""万元""}]","[{""table"":""各部门费率计算"",""originalTable"":""各部门人工成本合计-总成本 副本"",""fields"":[""总成本"",""实际销额"",""费率""],""rowRefs"":[""department_rate.tsv#row11"",""department_rate.tsv#row12""]}]"
"F0091","human_efficiency","人效","部门","O2O部","6月","0","万元/人","0","2","实际销额 ÷ 当月发薪人数","实际销额为0","null","[{""name"":""部门实际销额"",""value"":0,""unit"":""万元""},{""name"":""部门发薪人数"",""value"":2,""unit"":""人""}]","[{""table"":""各部门费率计算"",""originalTable"":""各部门人工成本合计-总成本 副本"",""fields"":[""总成本"",""实际销额"",""费率""],""rowRefs"":[""department_rate.tsv#row11"",""department_rate.tsv#row12""]},{""table"":""2026年人工成本"",""fields"":[""部门"",""月份"",""人数""],""filter"":""部门=O2O部；月份=6月"",""matchedRows"":2}]"
"F0092","labor_cost","人工成本","部门","O2O部","6月","3.75","万元","null","null","人工成本明细“人工成本”字段合计 ÷ 10,000","已核对","null","[{""name"":""人工成本（元）"",""value"":37500,""unit"":""元""}]","[{""table"":""2026年人工成本"",""fields"":[""部门"",""月份"",""人工成本""],""filter"":""业务口径部门=O2O部；月份=6月"",""matchedRows"":2}]"
"F0093","budget_execution","人工成本预算执行率","部门","O2O部","累计","null","%","47.67","0","累计实际人工成本 ÷ 全年人工成本预算 × 100%","预算缺失","null","[{""name"":""1—6月实际人工成本"",""value"":47.67,""unit"":""万元""},{""name"":""全年人工成本预算"",""value"":0,""unit"":""万元""}]","[{""table"":""2026年人工成本"",""fields"":[""部门"",""月份"",""人工成本""],""matchedRows"":34},{""table"":""26年预测人工成本"",""fields"":[""部门"",""人工成本预算""],""rowRefs"":[]}]"
"F0094","fee_rate","费率/总成本率","部门","电商部","1月","188.21","%","1386.47","736.65","总成本 ÷ 实际销额 × 100%","已核对","{""level"":""critical"",""label"":""严重预警"",""message"":""费率≥30%，超过暂定红线""}","[{""name"":""部门总成本"",""value"":1386.47,""unit"":""万元""},{""name"":""部门实际销额"",""value"":736.65,""unit"":""万元""}]","[{""table"":""各部门费率计算"",""originalTable"":""各部门人工成本合计-总成本 副本"",""fields"":[""总成本"",""实际销额"",""费率""],""rowRefs"":[""department_rate.tsv#row9""]}]"
"F0095","human_efficiency","人效","部门","电商部","1月","122.78","万元/人","736.65","6","实际销额 ÷ 当月发薪人数","已核对","null","[{""name"":""部门实际销额"",""value"":736.65,""unit"":""万元""},{""name"":""部门发薪人数"",""value"":6,""unit"":""人""}]","[{""table"":""各部门费率计算"",""originalTable"":""各部门人工成本合计-总成本 副本"",""fields"":[""总成本"",""实际销额"",""费率""],""rowRefs"":[""department_rate.tsv#row9""]},{""table"":""2026年人工成本"",""fields"":[""部门"",""月份"",""人数""],""filter"":""部门=电商部；月份=1月"",""matchedRows"":6}]"
"F0096","labor_cost","人工成本","部门","电商部","1月","11.26","万元","null","null","人工成本明细“人工成本”字段合计 ÷ 10,000","已核对","null","[{""name"":""人工成本（元）"",""value"":112600,""unit"":""元""}]","[{""table"":""2026年人工成本"",""fields"":[""部门"",""月份"",""人工成本""],""filter"":""业务口径部门=电商部；月份=1月"",""matchedRows"":6}]"
"F0097","fee_rate","费率/总成本率","部门","电商部","2月","33.17","%","133.01","400.98","总成本 ÷ 实际销额 × 100%","已核对","{""level"":""critical"",""label"":""严重预警"",""message"":""费率≥30%，超过暂定红线""}","[{""name"":""部门总成本"",""value"":133.01,""unit"":""万元""},{""name"":""部门实际销额"",""value"":400.98,""unit"":""万元""}]","[{""table"":""各部门费率计算"",""originalTable"":""各部门人工成本合计-总成本 副本"",""fields"":[""总成本"",""实际销额"",""费率""],""rowRefs"":[""department_rate.tsv#row9""]}]"
"F0098","human_efficiency","人效","部门","电商部","2月","66.83","万元/人","400.98","6","实际销额 ÷ 当月发薪人数","已核对","null","[{""name"":""部门实际销额"",""value"":400.98,""unit"":""万元""},{""name"":""部门发薪人数"",""value"":6,""unit"":""人""}]","[{""table"":""各部门费率计算"",""originalTable"":""各部门人工成本合计-总成本 副本"",""fields"":[""总成本"",""实际销额"",""费率""],""rowRefs"":[""department_rate.tsv#row9""]},{""table"":""2026年人工成本"",""fields"":[""部门"",""月份"",""人数""],""filter"":""部门=电商部；月份=2月"",""matchedRows"":6}]"
"F0099","labor_cost","人工成本","部门","电商部","2月","12.8","万元","null","null","人工成本明细“人工成本”字段合计 ÷ 10,000","已核对","null","[{""name"":""人工成本（元）"",""value"":128000,""unit"":""元""}]","[{""table"":""2026年人工成本"",""fields"":[""部门"",""月份"",""人工成本""],""filter"":""业务口径部门=电商部；月份=2月"",""matchedRows"":6}]"
"F0100","fee_rate","费率/总成本率","部门","电商部","3月","28.86","%","134.81","467.19","总成本 ÷ 实际销额 × 100%","已核对","{""level"":""warning"",""label"":""关注"",""message"":""费率≥20%，进入关注区间""}","[{""name"":""部门总成本"",""value"":134.81,""unit"":""万元""},{""name"":""部门实际销额"",""value"":467.19,""unit"":""万元""}]","[{""table"":""各部门费率计算"",""originalTable"":""各部门人工成本合计-总成本 副本"",""fields"":[""总成本"",""实际销额"",""费率""],""rowRefs"":[""department_rate.tsv#row9""]}]"
"F0101","human_efficiency","人效","部门","电商部","3月","58.4","万元/人","467.19","8","实际销额 ÷ 当月发薪人数","已核对","null","[{""name"":""部门实际销额"",""value"":467.19,""unit"":""万元""},{""name"":""部门发薪人数"",""value"":8,""unit"":""人""}]","[{""table"":""各部门费率计算"",""originalTable"":""各部门人工成本合计-总成本 副本"",""fields"":[""总成本"",""实际销额"",""费率""],""rowRefs"":[""department_rate.tsv#row9""]},{""table"":""2026年人工成本"",""fields"":[""部门"",""月份"",""人数""],""filter"":""部门=电商部；月份=3月"",""matchedRows"":8}]"
"F0102","labor_cost","人工成本","部门","电商部","3月","14.2","万元","null","null","人工成本明细“人工成本”字段合计 ÷ 10,000","已核对","null","[{""name"":""人工成本（元）"",""value"":142000,""unit"":""元""}]","[{""table"":""2026年人工成本"",""fields"":[""部门"",""月份"",""人工成本""],""filter"":""业务口径部门=电商部；月份=3月"",""matchedRows"":8}]"
"F0103","fee_rate","费率/总成本率","部门","电商部","4月","27.67","%","146.77","530.52","总成本 ÷ 实际销额 × 100%","已核对","{""level"":""warning"",""label"":""关注"",""message"":""费率≥20%，进入关注区间""}","[{""name"":""部门总成本"",""value"":146.77,""unit"":""万元""},{""name"":""部门实际销额"",""value"":530.52,""unit"":""万元""}]","[{""table"":""各部门费率计算"",""originalTable"":""各部门人工成本合计-总成本 副本"",""fields"":[""总成本"",""实际销额"",""费率""],""rowRefs"":[""department_rate.tsv#row9""]}]"
"F0104","human_efficiency","人效","部门","电商部","4月","58.95","万元/人","530.52","9","实际销额 ÷ 当月发薪人数","已核对","null","[{""name"":""部门实际销额"",""value"":530.52,""unit"":""万元""},{""name"":""部门发薪人数"",""value"":9,""unit"":""人""}]","[{""table"":""各部门费率计算"",""originalTable"":""各部门人工成本合计-总成本 副本"",""fields"":[""总成本"",""实际销额"",""费率""],""rowRefs"":[""department_rate.tsv#row9""]},{""table"":""2026年人工成本"",""fields"":[""部门"",""月份"",""人数""],""filter"":""部门=电商部；月份=4月"",""matchedRows"":9}]"
"F0105","labor_cost","人工成本","部门","电商部","4月","26.56","万元","null","null","人工成本明细“人工成本”字段合计 ÷ 10,000","已核对","null","[{""name"":""人工成本（元）"",""value"":265600,""unit"":""元""}]","[{""table"":""2026年人工成本"",""fields"":[""部门"",""月份"",""人工成本""],""filter"":""业务口径部门=电商部；月份=4月"",""matchedRows"":9}]"
"F0106","fee_rate","费率/总成本率","部门","电商部","5月","3.86","%","18.73","485.08","总成本 ÷ 实际销额 × 100%","已核对","{""level"":""normal"",""label"":""正常"",""message"":""费率低于20%暂定阈值""}","[{""name"":""部门总成本"",""value"":18.73,""unit"":""万元""},{""name"":""部门实际销额"",""value"":485.08,""unit"":""万元""}]","[{""table"":""各部门费率计算"",""originalTable"":""各部门人工成本合计-总成本 副本"",""fields"":[""总成本"",""实际销额"",""费率""],""rowRefs"":[""department_rate.tsv#row9""]}]"
"F0107","human_efficiency","人效","部门","电商部","5月","48.51","万元/人","485.08","10","实际销额 ÷ 当月发薪人数","已核对","null","[{""name"":""部门实际销额"",""value"":485.08,""unit"":""万元""},{""name"":""部门发薪人数"",""value"":10,""unit"":""人""}]","[{""table"":""各部门费率计算"",""originalTable"":""各部门人工成本合计-总成本 副本"",""fields"":[""总成本"",""实际销额"",""费率""],""rowRefs"":[""department_rate.tsv#row9""]},{""table"":""2026年人工成本"",""fields"":[""部门"",""月份"",""人数""],""filter"":""部门=电商部；月份=5月"",""matchedRows"":10}]"
"F0108","labor_cost","人工成本","部门","电商部","5月","18.73","万元","null","null","人工成本明细“人工成本”字段合计 ÷ 10,000","已核对","null","[{""name"":""人工成本（元）"",""value"":187300,""unit"":""元""}]","[{""table"":""2026年人工成本"",""fields"":[""部门"",""月份"",""人工成本""],""filter"":""业务口径部门=电商部；月份=5月"",""matchedRows"":10}]"
"F0109","fee_rate","费率/总成本率","部门","电商部","6月","6.59","%","19.99","303.31","总成本 ÷ 实际销额 × 100%","已核对","{""level"":""normal"",""label"":""正常"",""message"":""费率低于20%暂定阈值""}","[{""name"":""部门总成本"",""value"":19.99,""unit"":""万元""},{""name"":""部门实际销额"",""value"":303.31,""unit"":""万元""}]","[{""table"":""各部门费率计算"",""originalTable"":""各部门人工成本合计-总成本 副本"",""fields"":[""总成本"",""实际销额"",""费率""],""rowRefs"":[""department_rate.tsv#row9""]}]"
"F0110","human_efficiency","人效","部门","电商部","6月","33.7","万元/人","303.31","9","实际销额 ÷ 当月发薪人数","已核对","null","[{""name"":""部门实际销额"",""value"":303.31,""unit"":""万元""},{""name"":""部门发薪人数"",""value"":9,""unit"":""人""}]","[{""table"":""各部门费率计算"",""originalTable"":""各部门人工成本合计-总成本 副本"",""fields"":[""总成本"",""实际销额"",""费率""],""rowRefs"":[""department_rate.tsv#row9""]},{""table"":""2026年人工成本"",""fields"":[""部门"",""月份"",""人数""],""filter"":""部门=电商部；月份=6月"",""matchedRows"":9}]"
"F0111","labor_cost","人工成本","部门","电商部","6月","19.99","万元","null","null","人工成本明细“人工成本”字段合计 ÷ 10,000","已核对","null","[{""name"":""人工成本（元）"",""value"":199900,""unit"":""元""}]","[{""table"":""2026年人工成本"",""fields"":[""部门"",""月份"",""人工成本""],""filter"":""业务口径部门=电商部；月份=6月"",""matchedRows"":9}]"
"F0112","budget_execution","人工成本预算执行率","部门","电商部","累计","21.52","%","103.54","481.13","累计实际人工成本 ÷ 全年人工成本预算 × 100%","已核对","null","[{""name"":""1—6月实际人工成本"",""value"":103.54,""unit"":""万元""},{""name"":""全年人工成本预算"",""value"":481.13,""unit"":""万元""}]","[{""table"":""2026年人工成本"",""fields"":[""部门"",""月份"",""人工成本""],""matchedRows"":48},{""table"":""26年预测人工成本"",""fields"":[""部门"",""人工成本预算""],""rowRefs"":[""labor_budget.tsv#row1""]}]"
"F0113","fee_rate","费率/总成本率","部门","KA部","1月","0.85","%","8.53","998.95","总成本 ÷ 实际销额 × 100%","已核对","{""level"":""normal"",""label"":""正常"",""message"":""费率低于20%暂定阈值""}","[{""name"":""部门总成本"",""value"":8.53,""unit"":""万元""},{""name"":""部门实际销额"",""value"":998.95,""unit"":""万元""}]","[{""table"":""各部门费率计算"",""originalTable"":""各部门人工成本合计-总成本 副本"",""fields"":[""总成本"",""实际销额"",""费率""],""rowRefs"":[""department_rate.tsv#row13"",""department_rate.tsv#row14""]}]"
"F0114","human_efficiency","人效","部门","KA部","1月","332.98","万元/人","998.95","3","实际销额 ÷ 当月发薪人数","已核对","null","[{""name"":""部门实际销额"",""value"":998.95,""unit"":""万元""},{""name"":""部门发薪人数"",""value"":3,""unit"":""人""}]","[{""table"":""各部门费率计算"",""originalTable"":""各部门人工成本合计-总成本 副本"",""fields"":[""总成本"",""实际销额"",""费率""],""rowRefs"":[""department_rate.tsv#row13"",""department_rate.tsv#row14""]},{""table"":""2026年人工成本"",""fields"":[""部门"",""月份"",""人数""],""filter"":""部门=KA部；月份=1月"",""matchedRows"":3}]"
"F0115","labor_cost","人工成本","部门","KA部","1月","6.47","万元","null","null","人工成本明细“人工成本”字段合计 ÷ 10,000","已核对","null","[{""name"":""人工成本（元）"",""value"":64700,""unit"":""元""}]","[{""table"":""2026年人工成本"",""fields"":[""部门"",""月份"",""人工成本""],""filter"":""业务口径部门=KA部；月份=1月"",""matchedRows"":3}]"
"F0116","fee_rate","费率/总成本率","部门","KA部","2月","1.56","%","12.21","780.88","总成本 ÷ 实际销额 × 100%","已核对","{""level"":""normal"",""label"":""正常"",""message"":""费率低于20%暂定阈值""}","[{""name"":""部门总成本"",""value"":12.21,""unit"":""万元""},{""name"":""部门实际销额"",""value"":780.88,""unit"":""万元""}]","[{""table"":""各部门费率计算"",""originalTable"":""各部门人工成本合计-总成本 副本"",""fields"":[""总成本"",""实际销额"",""费率""],""rowRefs"":[""department_rate.tsv#row13"",""department_rate.tsv#row14""]}]"
"F0117","human_efficiency","人效","部门","KA部","2月","195.22","万元/人","780.88","4","实际销额 ÷ 当月发薪人数","已核对","null","[{""name"":""部门实际销额"",""value"":780.88,""unit"":""万元""},{""name"":""部门发薪人数"",""value"":4,""unit"":""人""}]","[{""table"":""各部门费率计算"",""originalTable"":""各部门人工成本合计-总成本 副本"",""fields"":[""总成本"",""实际销额"",""费率""],""rowRefs"":[""department_rate.tsv#row13"",""department_rate.tsv#row14""]},{""table"":""2026年人工成本"",""fields"":[""部门"",""月份"",""人数""],""filter"":""部门=KA部；月份=2月"",""matchedRows"":4}]"
"F0118","labor_cost","人工成本","部门","KA部","2月","10.37","万元","null","null","人工成本明细“人工成本”字段合计 ÷ 10,000","已核对","null","[{""name"":""人工成本（元）"",""value"":103700,""unit"":""元""}]","[{""table"":""2026年人工成本"",""fields"":[""部门"",""月份"",""人工成本""],""filter"":""业务口径部门=KA部；月份=2月"",""matchedRows"":4}]"
"F0119","fee_rate","费率/总成本率","部门","KA部","3月","0.75","%","15.2","2029.17","总成本 ÷ 实际销额 × 100%","已核对","{""level"":""normal"",""label"":""正常"",""message"":""费率低于20%暂定阈值""}","[{""name"":""部门总成本"",""value"":15.2,""unit"":""万元""},{""name"":""部门实际销额"",""value"":2029.17,""unit"":""万元""}]","[{""table"":""各部门费率计算"",""originalTable"":""各部门人工成本合计-总成本 副本"",""fields"":[""总成本"",""实际销额"",""费率""],""rowRefs"":[""department_rate.tsv#row13"",""department_rate.tsv#row14""]}]"
"F0120","human_efficiency","人效","部门","KA部","3月","405.83","万元/人","2029.17","5","实际销额 ÷ 当月发薪人数","已核对","null","[{""name"":""部门实际销额"",""value"":2029.17,""unit"":""万元""},{""name"":""部门发薪人数"",""value"":5,""unit"":""人""}]","[{""table"":""各部门费率计算"",""originalTable"":""各部门人工成本合计-总成本 副本"",""fields"":[""总成本"",""实际销额"",""费率""],""rowRefs"":[""department_rate.tsv#row13"",""department_rate.tsv#row14""]},{""table"":""2026年人工成本"",""fields"":[""部门"",""月份"",""人数""],""filter"":""部门=KA部；月份=3月"",""matchedRows"":5}]"
"F0121","labor_cost","人工成本","部门","KA部","3月","11.09","万元","null","null","人工成本明细“人工成本”字段合计 ÷ 10,000","已核对","null","[{""name"":""人工成本（元）"",""value"":110900,""unit"":""元""}]","[{""table"":""2026年人工成本"",""fields"":[""部门"",""月份"",""人工成本""],""filter"":""业务口径部门=KA部；月份=3月"",""matchedRows"":5}]"
"F0122","fee_rate","费率/总成本率","部门","KA部","4月","2.31","%","18.04","780.22","总成本 ÷ 实际销额 × 100%","已核对","{""level"":""normal"",""label"":""正常"",""message"":""费率低于20%暂定阈值""}","[{""name"":""部门总成本"",""value"":18.04,""unit"":""万元""},{""name"":""部门实际销额"",""value"":780.22,""unit"":""万元""}]","[{""table"":""各部门费率计算"",""originalTable"":""各部门人工成本合计-总成本 副本"",""fields"":[""总成本"",""实际销额"",""费率""],""rowRefs"":[""department_rate.tsv#row13"",""department_rate.tsv#row14""]}]"
"F0123","human_efficiency","人效","部门","KA部","4月","156.04","万元/人","780.22","5","实际销额 ÷ 当月发薪人数","已核对","null","[{""name"":""部门实际销额"",""value"":780.22,""unit"":""万元""},{""name"":""部门发薪人数"",""value"":5,""unit"":""人""}]","[{""table"":""各部门费率计算"",""originalTable"":""各部门人工成本合计-总成本 副本"",""fields"":[""总成本"",""实际销额"",""费率""],""rowRefs"":[""department_rate.tsv#row13"",""department_rate.tsv#row14""]},{""table"":""2026年人工成本"",""fields"":[""部门"",""月份"",""人数""],""filter"":""部门=KA部；月份=4月"",""matchedRows"":5}]"
"F0124","labor_cost","人工成本","部门","KA部","4月","12.89","万元","null","null","人工成本明细“人工成本”字段合计 ÷ 10,000","已核对","null","[{""name"":""人工成本（元）"",""value"":128900,""unit"":""元""}]","[{""table"":""2026年人工成本"",""fields"":[""部门"",""月份"",""人工成本""],""filter"":""业务口径部门=KA部；月份=4月"",""matchedRows"":5}]"
"F0125","fee_rate","费率/总成本率","部门","KA部","5月","0.66","%","3.14","473.65","总成本 ÷ 实际销额 × 100%","已核对","{""level"":""normal"",""label"":""正常"",""message"":""费率低于20%暂定阈值""}","[{""name"":""部门总成本"",""value"":3.14,""unit"":""万元""},{""name"":""部门实际销额"",""value"":473.65,""unit"":""万元""}]","[{""table"":""各部门费率计算"",""originalTable"":""各部门人工成本合计-总成本 副本"",""fields"":[""总成本"",""实际销额"",""费率""],""rowRefs"":[""department_rate.tsv#row13"",""department_rate.tsv#row14""]}]"
"F0126","human_efficiency","人效","部门","KA部","5月","94.73","万元/人","473.65","5","实际销额 ÷ 当月发薪人数","已核对","null","[{""name"":""部门实际销额"",""value"":473.65,""unit"":""万元""},{""name"":""部门发薪人数"",""value"":5,""unit"":""人""}]","[{""table"":""各部门费率计算"",""originalTable"":""各部门人工成本合计-总成本 副本"",""fields"":[""总成本"",""实际销额"",""费率""],""rowRefs"":[""department_rate.tsv#row13"",""department_rate.tsv#row14""]},{""table"":""2026年人工成本"",""fields"":[""部门"",""月份"",""人数""],""filter"":""部门=KA部；月份=5月"",""matchedRows"":5}]"
"F0127","labor_cost","人工成本","部门","KA部","5月","9.43","万元","null","null","人工成本明细“人工成本”字段合计 ÷ 10,000","已核对","null","[{""name"":""人工成本（元）"",""value"":94300,""unit"":""元""}]","[{""table"":""2026年人工成本"",""fields"":[""部门"",""月份"",""人工成本""],""filter"":""业务口径部门=KA部；月份=5月"",""matchedRows"":5}]"
"F0128","fee_rate","费率/总成本率","部门","KA部","6月","null","%","0","0","总成本 ÷ 实际销额 × 100%","实际销额为0","{""level"":""data-gap"",""label"":""无法计算"",""message"":""实际销额为0，费率不具备判断基础""}","[{""name"":""部门总成本"",""value"":0,""unit"":""万元""},{""name"":""部门实际销额"",""value"":0,""unit"":""万元""}]","[{""table"":""各部门费率计算"",""originalTable"":""各部门人工成本合计-总成本 副本"",""fields"":[""总成本"",""实际销额"",""费率""],""rowRefs"":[""department_rate.tsv#row13"",""department_rate.tsv#row14""]}]"
"F0129","human_efficiency","人效","部门","KA部","6月","0","万元/人","0","4","实际销额 ÷ 当月发薪人数","实际销额为0","null","[{""name"":""部门实际销额"",""value"":0,""unit"":""万元""},{""name"":""部门发薪人数"",""value"":4,""unit"":""人""}]","[{""table"":""各部门费率计算"",""originalTable"":""各部门人工成本合计-总成本 副本"",""fields"":[""总成本"",""实际销额"",""费率""],""rowRefs"":[""department_rate.tsv#row13"",""department_rate.tsv#row14""]},{""table"":""2026年人工成本"",""fields"":[""部门"",""月份"",""人数""],""filter"":""部门=KA部；月份=6月"",""matchedRows"":4}]"
"F0130","labor_cost","人工成本","部门","KA部","6月","4.92","万元","null","null","人工成本明细“人工成本”字段合计 ÷ 10,000","已核对","null","[{""name"":""人工成本（元）"",""value"":49200,""unit"":""元""}]","[{""table"":""2026年人工成本"",""fields"":[""部门"",""月份"",""人工成本""],""filter"":""业务口径部门=KA部；月份=6月"",""matchedRows"":4}]"
"F0131","budget_execution","人工成本预算执行率","部门","KA部","累计","17.99","%","55.17","306.6","累计实际人工成本 ÷ 全年人工成本预算 × 100%","已核对","null","[{""name"":""1—6月实际人工成本"",""value"":55.17,""unit"":""万元""},{""name"":""全年人工成本预算"",""value"":306.6,""unit"":""万元""}]","[{""table"":""2026年人工成本"",""fields"":[""部门"",""月份"",""人工成本""],""matchedRows"":26},{""table"":""26年预测人工成本"",""fields"":[""部门"",""人工成本预算""],""rowRefs"":[""labor_budget.tsv#row10""]}]"
"F0132","total_cost","总成本","总览","OTC事业部","累计","7007.94","万元","null","null","人工成本 + 市场费 + 运作费 + 品牌费","品牌费仅有累计值","null","[{""name"":""人工成本"",""value"":2402.94,""unit"":""万元""},{""name"":""市场费"",""value"":2397.03,""unit"":""万元""},{""name"":""运作费"",""value"":1520.59,""unit"":""万元""},{""name"":""品牌费"",""value"":687.43,""unit"":""万元""}]","[{""table"":""各部门费率计算"",""originalTable"":""各部门人工成本合计-总成本 副本"",""fields"":[""人工成本"",""市场费"",""运作费"",""总成本""],""rowRefs"":[""department_rate.tsv#row1"",""department_rate.tsv#row2"",""department_rate.tsv#row3"",""department_rate.tsv#row4"",""department_rate.tsv#row5"",""department_rate.tsv#row6"",""department_rate.tsv#row7"",""department_rate.tsv#row8"",""department_rate.tsv#row9"",""department_rate.tsv#row10"",""department_rate.tsv#row11"",""department_rate.tsv#row12"",""department_rate.tsv#row13"",""department_rate.tsv#row14""]},{""table"":""OTC事业部品牌费用"",""fields"":[""部门"",""品牌费用""],""rowRefs"":[""brand_fee.tsv#row1""]}]"
"F0133","fee_rate","费率/总成本率","总览","OTC事业部","累计","23.42","%","7007.94","29924.51","总成本 ÷ 实际销额 × 100%","已核对；月度品牌费未分摊","{""level"":""warning"",""label"":""关注"",""message"":""费率≥20%，进入关注区间""}","[{""name"":""累计总成本"",""value"":7007.94,""unit"":""万元""},{""name"":""累计实际销额"",""value"":29924.51,""unit"":""万元""}]","[{""table"":""各部门费率计算"",""fields"":[""总成本"",""实际销额""]},{""table"":""OTC事业部品牌费用"",""fields"":[""品牌费用""]}]"